{"asset/images.png":["asset/images.png"],"asset/logo/DoctorZone.png":["asset/logo/DoctorZone.png"],"asset/norec.png":["asset/norec.png"],"asset/oops.jpg":["asset/oops.jpg"],"asset/screen.png":["asset/screen.png"],"asset/user.png":["asset/user.png"],"packages/cupertino_icons/assets/CupertinoIcons.ttf":["packages/cupertino_icons/assets/CupertinoIcons.ttf"],"packages/flutter_icons/fonts/AntDesign.ttf":["packages/flutter_icons/fonts/AntDesign.ttf"],"packages/flutter_icons/fonts/Entypo.ttf":["packages/flutter_icons/fonts/Entypo.ttf"],"packages/flutter_icons/fonts/EvilIcons.ttf":["packages/flutter_icons/fonts/EvilIcons.ttf"],"packages/flutter_icons/fonts/Feather.ttf":["packages/flutter_icons/fonts/Feather.ttf"],"packages/flutter_icons/fonts/FontAwesome.ttf":["packages/flutter_icons/fonts/FontAwesome.ttf"],"packages/flutter_icons/fonts/FontAwesome5_Brands.ttf":["packages/flutter_icons/fonts/FontAwesome5_Brands.ttf"],"packages/flutter_icons/fonts/FontAwesome5_Regular.ttf":["packages/flutter_icons/fonts/FontAwesome5_Regular.ttf"],"packages/flutter_icons/fonts/FontAwesome5_Solid.ttf":["packages/flutter_icons/fonts/FontAwesome5_Solid.ttf"],"packages/flutter_icons/fonts/Foundation.ttf":["packages/flutter_icons/fonts/Foundation.ttf"],"packages/flutter_icons/fonts/Ionicons.ttf":["packages/flutter_icons/fonts/Ionicons.ttf"],"packages/flutter_icons/fonts/MaterialCommunityIcons.ttf":["packages/flutter_icons/fonts/MaterialCommunityIcons.ttf"],"packages/flutter_icons/fonts/MaterialIcons.ttf":["packages/flutter_icons/fonts/MaterialIcons.ttf"],"packages/flutter_icons/fonts/Octicons.ttf":["packages/flutter_icons/fonts/Octicons.ttf"],"packages/flutter_icons/fonts/SimpleLineIcons.ttf":["packages/flutter_icons/fonts/SimpleLineIcons.ttf"],"packages/flutter_icons/fonts/Zocial.ttf":["packages/flutter_icons/fonts/Zocial.ttf"],"packages/flutter_icons/fonts/weathericons.ttf":["packages/flutter_icons/fonts/weathericons.ttf"]}